prefix_tokens,queries,private_suffix_tokens,flash_median_us,fork_median_us,speedup,fork_overhead_percent,flash_range_percent,fork_range_percent,shared_chunks,max_splits,iterations,repeats
1024,1,128,45.639119148254395,40.228400230407715,1.1344999773010322,-11.855441162811376,12.24143178448467,16.250611775702907,0,2,400,15
1024,2,128,57.76120185852051,40.21503925323486,1.4363084788951002,-30.377073261499955,7.985560125883711,8.09647124247291,1,2,400,15
1024,4,128,65.92008113861084,40.55592060089111,1.625412027687085,-38.47713792157846,7.139672824431335,11.39227528405293,1,2,400,15
2048,1,128,54.9513578414917,74.20944213867188,0.7404901082372584,35.045693234242734,8.736603658322295,6.102835419326849,0,2,400,15
2048,2,128,65.17568111419678,74.53783988952637,0.8743972351599485,14.364497026008504,7.491631567892232,6.549798301120837,1,2,400,15
2048,4,128,88.41263771057129,74.45511817932129,1.1874621902772895,-15.786792355343483,14.701517258013036,6.604678895145946,1,2,400,15
4096,1,128,59.977359771728516,19.691760540008545,3.0458099289735974,-67.16801037098897,9.617627819131632,24.58206320300102,0,12,400,15
4096,2,128,87.92976379394531,21.811599731445312,4.031330341496175,-75.1942928192567,6.1048660622483215,15.505875969344746,10,11,400,15
4096,4,128,129.80799674987793,24.849839210510254,5.223695640452094,-80.85646506170767,9.070199109493508,21.017755535040656,8,9,400,15
